{
  "project_info": {
    "project_number": "438524885554",
    "project_id": "bookingsystem-3be5c",
    "storage_bucket": "bookingsystem-3be5c.appspot.com"
  },
  "client": [
    {
      "client_info": {
        "mobilesdk_app_id": "1:438524885554:android:a1c5ee7ab5603eab4f9a2b",
        "android_client_info": {
          "package_name": "com.iqonic.handyman.admin"
        }
      },
      "oauth_client": [
        {
          "client_id": "438524885554-57q5kelj6uhtjnbebkb8o82mbb3262gt.apps.googleusercontent.com",
          "client_type": 3
        }
      ],
      "api_key": [
        {
          "current_key": "AIzaSyDrdD0fJnvDQjp02Ong4C2LxFlZV8mrCU4"
        }
      ],
      "services": {
        "appinvite_service": {
          "other_platform_oauth_client": [
            {
              "client_id": "438524885554-57q5kelj6uhtjnbebkb8o82mbb3262gt.apps.googleusercontent.com",
              "client_type": 3
            },
            {
              "client_id": "438524885554-3ptqee1uhr0f8mn1j0ll7j1qn4c0da2p.apps.googleusercontent.com",
              "client_type": 2,
              "ios_info": {
                "bundle_id": "com.iqonic.servicebooking"
              }
            }
          ]
        }
      }
    },
    {
      "client_info": {
        "mobilesdk_app_id": "1:438524885554:android:4fcb3890f4ff19244f9a2b",
        "android_client_info": {
          "package_name": "com.iqonic.provider"
        }
      },
      "oauth_client": [
        {
          "client_id": "438524885554-2rhtrrp1c65devpj5hr51hfrv47sg5ae.apps.googleusercontent.com",
          "client_type": 1,
          "android_info": {
            "package_name": "com.iqonic.provider",
            "certificate_hash": "ade14b8f60b3fbff3d547a0b9797a15b3efc9935"
          }
        },
        {
          "client_id": "438524885554-f127jk9u0m15b84ue7frt4qs7dh2hi8e.apps.googleusercontent.com",
          "client_type": 1,
          "android_info": {
            "package_name": "com.iqonic.provider",
            "certificate_hash": "a9003857a957774babec8c523899c3bb4de6cf88"
          }
        },
        {
          "client_id": "438524885554-57q5kelj6uhtjnbebkb8o82mbb3262gt.apps.googleusercontent.com",
          "client_type": 3
        }
      ],
      "api_key": [
        {
          "current_key": "AIzaSyDrdD0fJnvDQjp02Ong4C2LxFlZV8mrCU4"
        }
      ],
      "services": {
        "appinvite_service": {
          "other_platform_oauth_client": [
            {
              "client_id": "438524885554-57q5kelj6uhtjnbebkb8o82mbb3262gt.apps.googleusercontent.com",
              "client_type": 3
            },
            {
              "client_id": "438524885554-3ptqee1uhr0f8mn1j0ll7j1qn4c0da2p.apps.googleusercontent.com",
              "client_type": 2,
              "ios_info": {
                "bundle_id": "com.iqonic.servicebooking"
              }
            }
          ]
        }
      }
    },
    {
      "client_info": {
        "mobilesdk_app_id": "1:438524885554:android:cbe7bb2ff30e7d7b4f9a2b",
        "android_client_info": {
          "package_name": "com.iqonic.servicebooking"
        }
      },
      "oauth_client": [
        {
          "client_id": "438524885554-01gqfed1i1tpe9ntvn9og932uo8ivtfs.apps.googleusercontent.com",
          "client_type": 1,
          "android_info": {
            "package_name": "com.iqonic.servicebooking",
            "certificate_hash": "8df53010421a494a8bd2a524e56ff9d7f0ef58c3"
          }
        },
        {
          "client_id": "438524885554-0kisgvf2bkul051969a8tlmhjk5i1bnq.apps.googleusercontent.com",
          "client_type": 1,
          "android_info": {
            "package_name": "com.iqonic.servicebooking",
            "certificate_hash": "0bb5e2efd204b2124fcb3fd702659ba238089d83"
          }
        },
        {
          "client_id": "438524885554-9jpunqh64fopmflags7va7i2dnd2smad.apps.googleusercontent.com",
          "client_type": 1,
          "android_info": {
            "package_name": "com.iqonic.servicebooking",
            "certificate_hash": "e6cb54c1082f360cbe17e724e789077856913147"
          }
        },
        {
          "client_id": "438524885554-57q5kelj6uhtjnbebkb8o82mbb3262gt.apps.googleusercontent.com",
          "client_type": 3
        }
      ],
      "api_key": [
        {
          "current_key": "AIzaSyDrdD0fJnvDQjp02Ong4C2LxFlZV8mrCU4"
        }
      ],
      "services": {
        "appinvite_service": {
          "other_platform_oauth_client": [
            {
              "client_id": "438524885554-57q5kelj6uhtjnbebkb8o82mbb3262gt.apps.googleusercontent.com",
              "client_type": 3
            },
            {
              "client_id": "438524885554-3ptqee1uhr0f8mn1j0ll7j1qn4c0da2p.apps.googleusercontent.com",
              "client_type": 2,
              "ios_info": {
                "bundle_id": "com.iqonic.servicebooking"
              }
            }
          ]
        }
      }
    }
  ],
  "configuration_version": "1"
}